-40,36.23,41.78,48.13,3991,-1.9,1.9
-39,33.82,38.91,44.74,3994,-1.9,1.9
-38,31.59,36.27,41.61,3996,-1.9,1.9
-37,29.52,33.82,38.71,3999,-1.9,1.9
-36,27.59,31.55,36.04,4001,-1.9,1.9
-35,25.81,29.45,33.57,4003,-1.9,1.9
-34,24.15,27.5,31.29,4005,-1.8,1.9
-33,22.61,25.69,29.17,4007,-1.8,1.8
-32,21.18,24.02,27.21,4010,-1.8,1.8
-31,19.84,22.46,25.4,4012,-1.8,1.8
-30,18.6,21.01,23.71,4014,-1.8,1.8
-29,17.45,19.67,22.15,4016,-1.8,1.8
-28,16.37,18.42,20.7,4018,-1.8,1.8
-27,15.37,17.26,19.36,4020,-1.7,1.7
-26,14.43,16.18,18.11,4022,-1.7,1.7
-25,13.56,15.17,16.95,4024,-1.7,1.7
-24,12.75,14.23,15.87,4026,-1.7,1.7
-23,11.99,13.36,14.87,4027,-1.7,1.7
-22,11.28,12.54,13.94,4029,-1.7,1.7
-21,10.61,11.78,13.07,4031,-1.6,1.6
-20,9.992,11.07,12.26,4033,-1.6,1.6
-19,9.412,10.41,11.5,4035,-1.6,1.6
-18,8.869,9.791,10.8,4036,-1.6,1.6
-17,8.361,9.213,10.14,4038,-1.6,1.6
-16,7.885,8.673,9.531,4040,-1.6,1.6
-15,7.439,8.168,8.96,4041,-1.5,1.5
-14,7.021,7.695,8.426,4043,-1.5,1.5
-13,6.629,7.253,7.928,4044,-1.5,1.5
-12,6.262,6.838,7.462,4046,-1.5,1.5
-11,5.917,6.45,7.026,4047,-1.5,1.5
-10,5.593,6.087,6.619,4049,-1.4,1.4
-9,5.289,5.746,6.237,4050,-1.4,1.4
-8,5.003,5.426,5.88,4052,-1.4,1.4
-7,4.735,5.127,5.546,4053,-1.4,1.4
-6,4.482,4.845,5.232,4054,-1.4,1.4
-5,4.245,4.581,4.939,4056,-1.3,1.3
-4,4.022,4.332,4.663,4057,-1.3,1.3
-3,3.811,4.099,4.405,4058,-1.3,1.3
-2,3.613,3.88,4.162,4060,-1.3,1.3
-1,3.427,3.674,3.934,4061,-1.3,1.3
0,3.251,3.48,3.721,4062,-1.2,1.2
1,3.086,3.297,3.52,4063,-1.2,1.2
2,2.93,3.125,3.331,4064,-1.2,1.2
3,2.782,2.963,3.153,4065,-1.2,1.2
4,2.643,2.811,2.986,4067,-1.2,1.1
5,2.512,2.667,2.829,4068,-1.1,1.1
6,2.388,2.532,2.681,4069,-1.1,1.1
7,2.271,2.404,2.542,4070,-1.1,1.1
8,2.16,2.283,2.411,4071,-1.1,1.1
9,2.056,2.169,2.287,4072,-1,1
10,1.957,2.062,2.17,4073,-1,1
11,1.864,1.96,2.06,4074,-1,1
12,1.775,1.865,1.957,4075,-1,1
13,1.691,1.774,1.859,4075,-1,0.9
14,1.612,1.688,1.767,4076,-0.9,0.9
15,1.537,1.607,1.679,4077,-0.9,0.9
16,1.466,1.531,1.597,4078,-0.9,0.9
17,1.399,1.458,1.519,4079,-0.9,0.8
18,1.335,1.39,1.445,4080,-0.8,0.8
19,1.274,1.325,1.376,4080,-0.8,0.8
20,1.217,1.263,1.31,4081,-0.8,0.8
21,1.162,1.205,1.248,4082,-0.8,0.7
22,1.11,1.149,1.189,4083,-0.7,0.7
23,1.061,1.097,1.133,4083,-0.7,0.7
24,1.014,1.047,1.08,4084,-0.7,0.7
25,0.97,1,1.03,4085,-0.7,0.6
26,0.925,0.955,0.985,4085,-0.7,0.7
27,0.883,0.913,0.943,4086,-0.7,0.7
28,0.843,0.872,0.902,4087,-0.8,0.7
29,0.805,0.834,0.864,4087,-0.8,0.8
30,0.768,0.798,0.827,4088,-0.8,0.8
31,0.734,0.763,0.792,4088,-0.9,0.9
32,0.702,0.73,0.759,4089,-0.9,0.9
33,0.671,0.699,0.728,4089,-0.9,0.9
34,0.641,0.669,0.697,4090,-1,1
35,0.613,0.641,0.669,4090,-1,1
36,0.587,0.614,0.641,4091,-1.1,1
37,0.561,0.588,0.615,4091,-1.1,1.1
38,0.537,0.564,0.591,4092,-1.1,1.1
39,0.515,0.54,0.567,4092,-1.2,1.1
40,0.493,0.518,0.544,4092,-1.2,1.2
41,0.472,0.497,0.523,4093,-1.2,1.2
42,0.452,0.477,0.502,4093,-1.3,1.3
43,0.434,0.458,0.483,4094,-1.3,1.3
44,0.416,0.439,0.464,4094,-1.3,1.3
45,0.399,0.422,0.446,4094,-1.4,1.4
46,0.382,0.405,0.429,4095,-1.4,1.4
47,0.367,0.389,0.412,4095,-1.5,1.5
48,0.352,0.374,0.397,4095,-1.5,1.5
49,0.338,0.359,0.382,4096,-1.5,1.5
50,0.325,0.345,0.367,4096,-1.6,1.6
51,0.312,0.332,0.354,4096,-1.6,1.6
52,0.3,0.32,0.341,4096,-1.7,1.7
53,0.288,0.307,0.328,4097,-1.7,1.7
54,0.277,0.296,0.316,4097,-1.7,1.7
55,0.266,0.285,0.305,4097,-1.8,1.8
56,0.256,0.274,0.294,4097,-1.8,1.8
57,0.246,0.264,0.283,4097,-1.9,1.9
58,0.237,0.254,0.273,4098,-1.9,1.9
59,0.228,0.245,0.263,4098,-1.9,1.9
60,0.219,0.236,0.254,4098,-2,2
61,0.211,0.227,0.245,4098,-2,2
62,0.203,0.219,0.236,4098,-2.1,2.1
63,0.196,0.211,0.228,4098,-2.1,2.1
64,0.189,0.204,0.22,4099,-2.2,2.2
65,0.182,0.197,0.213,4099,-2.2,2.2
66,0.175,0.19,0.205,4099,-2.2,2.2
67,0.169,0.183,0.198,4099,-2.3,2.3
68,0.163,0.177,0.192,4099,-2.3,2.3
69,0.157,0.171,0.185,4099,-2.4,2.4
70,0.151,0.165,0.179,4099,-2.4,2.4
71,0.146,0.159,0.173,4099,-2.5,2.5
72,0.141,0.154,0.168,4099,-2.5,2.5
73,0.136,0.149,0.162,4099,-2.5,2.6
74,0.131,0.144,0.157,4100,-2.6,2.6
75,0.127,0.139,0.152,4100,-2.6,2.6
76,0.123,0.134,0.147,4100,-2.7,2.7
77,0.118,0.13,0.142,4100,-2.7,2.7
78,0.114,0.126,0.138,4100,-2.8,2.8
79,0.111,0.121,0.133,4100,-2.8,2.8
80,0.107,0.117,0.129,4100,-2.9,2.9
81,0.103,0.114,0.125,4100,-2.9,2.9
82,0.1,0.11,0.121,4100,-2.9,3
83,0.097,0.107,0.117,4100,-3,3
84,0.093,0.103,0.114,4100,-3,3.1
85,0.09,0.1,0.11,4100,-3.1,3.1
86,0.087,0.097,0.107,4100,-3.1,3.2
87,0.085,0.094,0.104,4100,-3.2,3.2
88,0.082,0.091,0.101,4100,-3.2,3.3
89,0.079,0.088,0.098,4100,-3.3,3.3
90,0.077,0.085,0.095,4100,-3.3,3.4
91,0.074,0.083,0.092,4100,-3.4,3.4
92,0.072,0.08,0.089,4100,-3.4,3.5
93,0.07,0.078,0.086,4100,-3.5,3.5
94,0.068,0.075,0.084,4100,-3.5,3.6
95,0.066,0.073,0.082,4100,-3.6,3.6
96,0.064,0.071,0.079,4100,-3.6,3.7
97,0.062,0.069,0.077,4100,-3.7,3.7
98,0.06,0.067,0.075,4100,-3.7,3.8
99,0.058,0.065,0.073,4100,-3.8,3.8
100,0.056,0.063,0.071,4100,-3.8,3.9
101,0.055,0.061,0.069,4100,-3.9,3.9
102,0.053,0.059,0.067,4100,-3.9,4
103,0.051,0.058,0.065,4100,-4,4
104,0.05,0.056,0.063,4100,-4,4.1
105,0.048,0.055,0.061,4100,-4.1,4.1
106,0.047,0.053,0.06,4100,-4.1,4.2
107,0.046,0.051,0.058,4100,-4.2,4.2
108,0.044,0.05,0.056,4100,-4.2,4.3
109,0.043,0.049,0.055,4100,-4.3,4.3
110,0.042,0.047,0.053,4100,-4.3,4.4
111,0.041,0.046,0.052,4100,-4.4,4.4
112,0.04,0.045,0.051,4100,-4.4,4.5
113,0.038,0.044,0.049,4100,-4.5,4.5
114,0.037,0.042,0.048,4100,-4.5,4.6
115,0.036,0.041,0.047,4101,-4.6,4.7
116,0.035,0.04,0.045,4101,-4.6,4.7
117,0.034,0.039,0.044,4101,-4.7,4.8
118,0.033,0.038,0.043,4101,-4.7,4.8
119,0.033,0.037,0.042,4101,-4.8,4.9
120,0.032,0.036,0.041,4101,-4.8,4.9
121,0.031,0.035,0.04,4101,-4.9,5
122,0.03,0.034,0.039,4101,-5,5
123,0.029,0.033,0.038,4101,-5,5.1
124,0.028,0.032,0.037,4101,-5.1,5.2
125,0.028,0.032,0.036,4101,-5.1,5.2
