-40,173.9,188.5,203.8,3140,-1.4,1.4
-39,164.8,178.6,193,3144,-1.4,1.4
-38,156.3,169.2,182.8,3148,-1.4,1.4
-37,148.2,160.4,173.2,3152,-1.4,1.4
-36,140.6,152.1,164.1,3155,-1.4,1.4
-35,133.5,144.3,155.6,3159,-1.4,1.4
-34,126.7,136.9,147.6,3162,-1.4,1.4
-33,120.3,130,140,3166,-1.4,1.4
-32,114.3,123.4,132.8,3169,-1.4,1.4
-31,108.6,117.2,126.1,3173,-1.4,1.4
-30,103.2,111.3,119.7,3176,-1.4,1.4
-29,98.17,105.8,113.7,3180,-1.4,1.4
-28,93.37,100.6,108.1,3183,-1.4,1.4
-27,88.83,95.64,102.7,3187,-1.4,1.4
-26,84.54,90.97,97.65,3190,-1.4,1.4
-25,80.47,86.56,92.87,3194,-1.4,1.4
-24,76.63,82.38,88.34,3197,-1.4,1.4
-23,72.99,78.43,84.06,3200,-1.4,1.4
-22,69.54,74.69,80.01,3203,-1.4,1.4
-21,66.27,71.14,76.18,3207,-1.4,1.4
-20,63.18,67.79,72.55,3210,-1.4,1.4
-19,60.25,64.61,69.12,3213,-1.4,1.4
-18,57.46,61.6,65.86,3216,-1.4,1.4
-17,54.83,58.74,62.78,3220,-1.4,1.4
-16,52.32,56.03,59.86,3223,-1.4,1.4
-15,49.95,53.46,57.09,3226,-1.4,1.4
-14,47.69,51.03,54.46,3229,-1.4,1.4
-13,45.55,48.71,51.97,3232,-1.4,1.4
-12,43.52,46.52,49.6,3235,-1.4,1.4
-11,41.59,44.43,47.36,3238,-1.4,1.4
-10,39.75,42.45,45.22,3241,-1.4,1.4
-9,38.01,40.57,43.2,3244,-1.4,1.4
-8,36.35,38.78,41.28,3247,-1.4,1.4
-7,34.77,37.08,39.45,3250,-1.4,1.4
-6,33.27,35.46,37.71,3253,-1.4,1.4
-5,31.84,33.93,36.06,3256,-1.4,1.4
-4,30.48,32.46,34.49,3258,-1.4,1.4
-3,29.19,31.07,33,3261,-1.4,1.4
-2,27.95,29.75,31.58,3264,-1.4,1.4
-1,26.78,28.49,30.22,3267,-1.4,1.4
0,25.66,27.28,28.94,3270,-1.4,1.3
1,24.59,26.14,27.71,3272,-1.4,1.3
2,23.58,25.05,26.54,3275,-1.4,1.3
3,22.61,24.01,25.43,3278,-1.4,1.3
4,21.69,23.02,24.37,3280,-1.4,1.3
5,20.8,22.07,23.36,3283,-1.4,1.3
6,19.96,21.17,22.4,3286,-1.4,1.3
7,19.16,20.31,21.48,3288,-1.4,1.3
8,18.39,19.49,20.6,3291,-1.4,1.3
9,17.66,18.71,19.77,3294,-1.4,1.3
10,16.96,17.96,18.97,3296,-1.4,1.3
11,16.3,17.25,18.21,3299,-1.4,1.3
12,15.66,16.57,17.48,3301,-1.4,1.3
13,15.05,15.91,16.79,3304,-1.4,1.3
14,14.47,15.29,16.13,3306,-1.4,1.3
15,13.91,14.7,15.49,3308,-1.4,1.3
16,13.38,14.13,14.89,3311,-1.4,1.3
17,12.87,13.59,14.31,3313,-1.4,1.3
18,12.38,13.07,13.76,3316,-1.4,1.3
19,11.91,12.57,13.23,3318,-1.4,1.3
20,11.47,12.09,12.72,3320,-1.4,1.3
21,11.04,11.64,12.24,3323,-1.4,1.3
22,10.63,11.2,11.77,3325,-1.4,1.3
23,10.24,10.78,11.33,3327,-1.4,1.3
24,9.86,10.38,10.91,3330,-1.4,1.3
25,9.5,10,10.5,3332,-1.4,1.3
26,9.148,9.633,10.12,3334,-1.4,1.3
27,8.811,9.282,9.753,3336,-1.4,1.3
28,8.488,8.945,9.402,3338,-1.4,1.4
29,8.178,8.622,9.066,3341,-1.4,1.4
30,7.882,8.312,8.743,3343,-1.5,1.4
31,7.597,8.015,8.434,3345,-1.5,1.4
32,7.324,7.73,8.137,3347,-1.5,1.4
33,7.063,7.456,7.852,3349,-1.5,1.5
34,6.812,7.194,7.579,3351,-1.5,1.5
35,6.571,6.942,7.316,3353,-1.5,1.5
36,6.34,6.7,7.064,3355,-1.6,1.5
37,6.118,6.468,6.821,3357,-1.6,1.5
38,5.905,6.245,6.589,3359,-1.6,1.5
39,5.701,6.031,6.365,3361,-1.6,1.6
40,5.505,5.826,6.15,3363,-1.6,1.6
41,5.316,5.628,5.943,3365,-1.7,1.6
42,5.135,5.438,5.745,3367,-1.7,1.6
43,4.961,5.255,5.554,3369,-1.7,1.6
44,4.793,5.08,5.37,3371,-1.7,1.7
45,4.632,4.911,5.193,3373,-1.7,1.7
46,4.478,4.749,5.023,3374,-1.8,1.7
47,4.329,4.592,4.86,3376,-1.8,1.7
48,4.186,4.442,4.702,3378,-1.8,1.7
49,4.048,4.297,4.551,3380,-1.8,1.8
50,3.916,4.158,4.405,3382,-1.8,1.8
51,3.788,4.024,4.264,3384,-1.9,1.8
52,3.666,3.895,4.129,3385,-1.9,1.8
53,3.548,3.771,3.998,3387,-1.9,1.8
54,3.434,3.651,3.873,3389,-1.9,1.9
55,3.324,3.536,3.751,3390,-1.9,1.9
56,3.219,3.425,3.635,3392,-2,1.9
57,3.117,3.318,3.522,3394,-2,1.9
58,3.019,3.215,3.414,3396,-2,2
59,2.925,3.115,3.309,3397,-2,2
60,2.834,3.019,3.208,3399,-2.1,2
61,2.746,2.927,3.111,3400,-2.1,2
62,2.662,2.837,3.017,3402,-2.1,2
63,2.58,2.751,2.926,3404,-2.1,2.1
64,2.502,2.668,2.839,3405,-2.1,2.1
65,2.426,2.588,2.755,3407,-2.2,2.1
66,2.353,2.511,2.673,3408,-2.2,2.1
67,2.282,2.436,2.594,3410,-2.2,2.1
68,2.214,2.364,2.518,3411,-2.2,2.2
69,2.148,2.295,2.445,3413,-2.2,2.2
70,2.085,2.227,2.374,3414,-2.3,2.2
71,2.023,2.163,2.306,3416,-2.3,2.2
72,1.964,2.1,2.239,3417,-2.3,2.3
73,1.907,2.039,2.176,3419,-2.3,2.3
74,1.851,1.981,2.114,3420,-2.4,2.3
75,1.798,1.924,2.054,3422,-2.4,2.3
76,1.746,1.869,1.996,3423,-2.4,2.4
77,1.697,1.817,1.94,3424,-2.4,2.4
78,1.648,1.765,1.886,3426,-2.5,2.4
79,1.602,1.716,1.834,3427,-2.5,2.4
80,1.557,1.668,1.783,3428,-2.5,2.4
81,1.513,1.622,1.734,3430,-2.5,2.5
82,1.471,1.577,1.687,3431,-2.5,2.5
83,1.43,1.534,1.641,3432,-2.6,2.5
84,1.391,1.492,1.597,3434,-2.6,2.5
85,1.352,1.451,1.554,3435,-2.6,2.6
86,1.315,1.412,1.512,3436,-2.6,2.6
87,1.28,1.374,1.472,3437,-2.7,2.6
88,1.245,1.337,1.433,3439,-2.7,2.6
89,1.212,1.302,1.395,3440,-2.7,2.7
90,1.179,1.267,1.358,3441,-2.7,2.7
91,1.148,1.234,1.323,3442,-2.8,2.7
92,1.117,1.201,1.288,3444,-2.8,2.7
93,1.088,1.17,1.255,3445,-2.8,2.8
94,1.059,1.139,1.223,3446,-2.8,2.8
95,1.031,1.11,1.191,3447,-2.9,2.8
96,1.005,1.081,1.161,3448,-2.9,2.8
97,0.979,1.054,1.131,3449,-2.9,2.9
98,0.953,1.027,1.103,3451,-2.9,2.9
99,0.929,1.001,1.075,3452,-3,2.9
100,0.905,0.975,1.048,3453,-3,2.9
101,0.882,0.951,1.022,3454,-3,3
102,0.86,0.927,0.997,3455,-3,3
103,0.838,0.904,0.972,3456,-3.1,3
104,0.817,0.881,0.948,3457,-3.1,3
105,0.797,0.86,0.925,3458,-3.1,3.1
106,0.777,0.838,0.903,3459,-3.1,3.1
107,0.758,0.818,0.881,3460,-3.2,3.1
108,0.739,0.798,0.859,3461,-3.2,3.1
109,0.721,0.779,0.839,3462,-3.2,3.2
110,0.704,0.76,0.819,3463,-3.2,3.2
111,0.687,0.742,0.799,3464,-3.3,3.2
112,0.67,0.724,0.78,3465,-3.3,3.2
113,0.654,0.707,0.762,3466,-3.3,3.3
114,0.638,0.69,0.744,3467,-3.3,3.3
115,0.623,0.674,0.727,3468,-3.4,3.3
116,0.608,0.658,0.71,3469,-3.4,3.3
117,0.594,0.643,0.694,3470,-3.4,3.4
118,0.58,0.628,0.678,3471,-3.5,3.4
119,0.567,0.613,0.662,3472,-3.5,3.4
120,0.553,0.599,0.647,3473,-3.5,3.5
121,0.541,0.585,0.632,3474,-3.5,3.5
122,0.528,0.572,0.618,3475,-3.6,3.5
123,0.516,0.559,0.604,3476,-3.6,3.5
124,0.504,0.546,0.591,3477,-3.6,3.6
125,0.493,0.534,0.578,3478,-3.6,3.6
